-- ─────────────────────────────────────────────────────────────────────────────
-- ACRO SCORING — SEED DATA
-- Matches the mock data used during frontend development.
-- Run after migrations in a local/staging environment.
-- ─────────────────────────────────────────────────────────────────────────────

-- ─── age group rules ──────────────────────────────────────────────────────────

insert into age_group_rules (age_group, min_age, max_age) values
  ('Youth',       11, 15),
  ('Junior FIG',  12, 19),
  ('Senior FIG',  18, null);

-- ─── clubs ────────────────────────────────────────────────────────────────────

insert into clubs (id, name, email, phone) values
  ('11111111-0000-0000-0000-000000000001', 'RC Olimpia',         'olimpia@example.com',  '+34 611 222 333'),
  ('11111111-0000-0000-0000-000000000002', 'Gym Stars',          'gymstars@example.com', '+34 622 333 444'),
  ('11111111-0000-0000-0000-000000000003', 'Club Acro Valencia', 'acro@example.com',     '+34 633 444 555');

-- ─── gymnasts ─────────────────────────────────────────────────────────────────

insert into gymnasts (id, club_id, first_name, last_name_1, last_name_2, date_of_birth) values
  ('22222222-0000-0000-0000-000000000001', '11111111-0000-0000-0000-000000000001', 'Ana',   'Fernández', 'García',  '2009-03-15'),
  ('22222222-0000-0000-0000-000000000002', '11111111-0000-0000-0000-000000000001', 'Carla', 'Ruiz',      'López',   '2009-07-22'),
  ('22222222-0000-0000-0000-000000000003', '11111111-0000-0000-0000-000000000001', 'Sofía', 'García',    'Moreno',  '2008-11-05'),
  ('22222222-0000-0000-0000-000000000004', '11111111-0000-0000-0000-000000000001', 'Marta', 'Martínez',  'Sánchez', '2007-04-18');

-- ─── teams ────────────────────────────────────────────────────────────────────

insert into teams (id, club_id, category, age_group, gymnast_display) values
  ('33333333-0000-0000-0000-000000000001', '11111111-0000-0000-0000-000000000001', 'Women''s Pair', 'Junior FIG', 'Fernández / Ruiz'),
  ('33333333-0000-0000-0000-000000000002', '11111111-0000-0000-0000-000000000001', 'Women''s Pair', 'Junior FIG', 'García / Martínez'),
  ('33333333-0000-0000-0000-000000000003', '11111111-0000-0000-0000-000000000002', 'Women''s Pair', 'Junior FIG', 'López / Sánchez'),
  ('33333333-0000-0000-0000-000000000004', '11111111-0000-0000-0000-000000000002', 'Men''s Pair',   'Senior FIG', 'Torres / Vidal'),
  ('33333333-0000-0000-0000-000000000005', '11111111-0000-0000-0000-000000000003', 'Men''s Pair',   'Senior FIG', 'Moreno / Pérez'),
  ('33333333-0000-0000-0000-000000000006', '11111111-0000-0000-0000-000000000003', 'Women''s Pair', 'Junior FIG', 'Blanco / Cruz');

insert into team_gymnasts (team_id, gymnast_id) values
  ('33333333-0000-0000-0000-000000000001', '22222222-0000-0000-0000-000000000001'),
  ('33333333-0000-0000-0000-000000000001', '22222222-0000-0000-0000-000000000002'),
  ('33333333-0000-0000-0000-000000000002', '22222222-0000-0000-0000-000000000003'),
  ('33333333-0000-0000-0000-000000000002', '22222222-0000-0000-0000-000000000004');

-- ─── judges ───────────────────────────────────────────────────────────────────
-- user_id is null — will be linked when judges accept their invite

insert into judges (id, name, email, phone, licence) values
  ('44444444-0000-0000-0000-000000000001', 'García López',    'garcia@example.com',   '+34 611 001 001', 'NAT-1001'),
  ('44444444-0000-0000-0000-000000000002', 'Martínez Ruiz',   'martinez@example.com', '+34 611 002 002', 'NAT-1002'),
  ('44444444-0000-0000-0000-000000000003', 'López Fernández', 'lopez@example.com',    null,              'NAT-1003'),
  ('44444444-0000-0000-0000-000000000004', 'Sánchez Torres',  'sanchez@example.com',  null,              'NAT-1004'),
  ('44444444-0000-0000-0000-000000000005', 'Pérez Gómez',     'perez@example.com',    '+34 611 005 005', 'NAT-1005'),
  ('44444444-0000-0000-0000-000000000006', 'Torres Molina',   'torres@example.com',   null,              'NAT-1006'),
  ('44444444-0000-0000-0000-000000000007', 'Roberto Pérez Vidal', 'roberto@example.com', '+34 655 111 222', 'CAT-2245'),
  ('44444444-0000-0000-0000-000000000008', 'Lucía Torres Blanco',  'lucia@example.com',  null,              'CAT-3301');

-- ─── competition ──────────────────────────────────────────────────────────────

insert into competitions (id, name, status, location, start_date, end_date, registration_deadline, age_groups) values
  (
    '55555555-0000-0000-0000-000000000001',
    'Spanish National Championships 2026',
    'registration_open',
    'Madrid, Spain',
    '2026-04-10',
    '2026-04-12',
    '2026-03-15',
    array['Junior FIG', 'Senior FIG']
  );

-- ─── panels ───────────────────────────────────────────────────────────────────

insert into panels (id, competition_id, panel_number) values
  ('66666666-0000-0000-0000-000000000001', '55555555-0000-0000-0000-000000000001', 1),
  ('66666666-0000-0000-0000-000000000002', '55555555-0000-0000-0000-000000000001', 2);

-- ─── sections ─────────────────────────────────────────────────────────────────

insert into sections (id, competition_id, section_number, label) values
  ('77777777-0000-0000-0000-000000000001', '55555555-0000-0000-0000-000000000001', 1, 'Morning'),
  ('77777777-0000-0000-0000-000000000002', '55555555-0000-0000-0000-000000000001', 2, 'Afternoon');

-- ─── sessions ─────────────────────────────────────────────────────────────────

insert into sessions (id, competition_id, panel_id, section_id, name, age_group, category, routine_type, order_index) values
  (
    '88888888-0000-0000-0000-000000000001',
    '55555555-0000-0000-0000-000000000001',
    '66666666-0000-0000-0000-000000000001',
    '77777777-0000-0000-0000-000000000001',
    'Junior FIG · Women''s Pair · Balance',
    'Junior FIG', 'Women''s Pair', 'Balance', 1
  ),
  (
    '88888888-0000-0000-0000-000000000002',
    '55555555-0000-0000-0000-000000000001',
    '66666666-0000-0000-0000-000000000002',
    '77777777-0000-0000-0000-000000000001',
    'Senior FIG · Men''s Pair · Dynamic',
    'Senior FIG', 'Men''s Pair', 'Dynamic', 1
  );

-- ─── competition entries ──────────────────────────────────────────────────────

insert into competition_entries (competition_id, team_id) values
  ('55555555-0000-0000-0000-000000000001', '33333333-0000-0000-0000-000000000001'),
  ('55555555-0000-0000-0000-000000000001', '33333333-0000-0000-0000-000000000002'),
  ('55555555-0000-0000-0000-000000000001', '33333333-0000-0000-0000-000000000003'),
  ('55555555-0000-0000-0000-000000000001', '33333333-0000-0000-0000-000000000004'),
  ('55555555-0000-0000-0000-000000000001', '33333333-0000-0000-0000-000000000005'),
  ('55555555-0000-0000-0000-000000000001', '33333333-0000-0000-0000-000000000006');

-- ─── nominations ──────────────────────────────────────────────────────────────

insert into competition_judge_nominations (competition_id, judge_id, club_id) values
  (
    '55555555-0000-0000-0000-000000000001',
    '44444444-0000-0000-0000-000000000007',  -- Roberto (club judge)
    '11111111-0000-0000-0000-000000000001'   -- RC Olimpia
  );
